member_casual,count,percentage
casual,2049489,35.685004278044694
member,3693789,64.3149957219553
