member_casual,mean,median
casual,1689.856016304552,725.0
member,774.4294016252688,521.0
